cNoSc,Customer,Item,TglProduksiTerakhir,StokAwalPc,StokAwalKg,StokAkhirPc,StokAkhirKg,Keterangan
2505/01199,"SINAR KEMASAN TERANG, PT",OB AIR ACCU 1 LT,2026-07-22,2100,654.759,2100,654.759,
2511/00798,"GUNUNG AGUNG SENTOSA, PT",IB CERMIN OVAL S 014,2026-06-15,400,33.816,400,33.816,
2512/00047,KEMBANG JAYA CV,FAZZA ISI 40 X 220 ML NEW,2026-02-21,1600,308.528,1600,308.528,AMBIL SENDIRI
2601/00538,BUANA MAHAYASA SAKTI CV,BOTT 134 (653 X 365 X 134) TANPA LOGO BMS,2026-05-14,454,113.82827,454,113.82827,TUNGGU JADWAL
2602/00117,MUHAMMAD SYAHRIR,BBC,2026-02-10,2120,758.1544,2120,758.1544,SISA CONTAINER
2602/00226,"HBFULLER ADHESIVES INDONESIA, PT",P123 (355 X 265 X 380 MM),2026-07-20,280,250.4488,280,250.4488,TUNGGU JADWAL
2602/00228,"HBFULLER ADHESIVES INDONESIA, PT",P124 (483 X 288 X 246 MM),2026-06-03,2800,2577.736,2800,2577.736,TUNGGU JADWAL
2602/00978,CENDRAWASIH DWIMEGA KENCANA,AMDK CENDRAQUA 220 ML,2026-02-27,1980,428.076,1980,428.076,SISA CONTAINER
2602/01006,"BERKAH SUMBER ABADI, CV",BOX AMDK BST 220 ML NEW 2,2026-07-18,880,192.5968,880,192.5968,SISA CONTAINER
2603/00552,NIPSEA PAINT AND CHEMICALS. PT,PN114 VINILEX CCM 5KG O/T SW DC,2026-04-26,1040,243.1832,1040,243.1832,
2603/00557,NIPSEA PAINT AND CHEMICALS. PT,"PN106 NIPPON HI EPOXY FILLER BASE 12X0,8L SW",2026-07-06,2300,542.432,2300,542.432,
2603/00609,"MASPION, PT",DOOS LUAR MSC 1860,2026-05-05,150,195.429,150,195.429,TUNGGU JADWAL
2603/00918,"CHAROEN POKPHAND INDONESIA, PT",MC FIESTA RTG NEW ISI 6 BOX,2026-05-21,120,46.8708,120,46.8708,LEBIH PRODUKSI
2604/00148,KEMBANG JAYA CV,FAZZA ISI 45 X 120 ML NEW,2026-05-23,1500,234.795,1500,234.795,AMBIL SENDIRI
2604/00311,BUANA MAHAYASA SAKTI CV,TOP 102,2026-04-22,504,83.19024,504,83.19024,TUNGGU JADWAL
2604/00577,FADLAN,AMDK SEGAR - 48 X 220 ML NEW,2026-04-19,4460,950.426,4460,950.426,SISA CONTAINER
2604/00635,"VPOL TIRTA SEJAHTERA, PT",VPOL 220 ML,2026-07-04,2620,648.8168,2620,648.8168,SISA CONTAINER
2604/00650,"GUNUNG STARLINDO UTAMA, PT",KARTON PH 4 MINI,2026-06-08,150,163.0185,150,163.0185,
2604/00871,"KARUNIA TIRTA KAJUARA, PT",KARTON WT 200 ML,2026-06-30,4020,791.8596,4020,791.8596,SISA CONTAINER
2604/01094,"ENDRIAN RUSLIM,",FROZEN NFE,2026-04-29,460,134.5684,460,134.5684,SISA CONTAINER
2604/01220,"SIANTAR TOP TBK, PT",DUS SPIX MIE GORENG SAMBAL BALADO CBP 500 ISI 100 PCS KTN/SMG-BDR500/L/100/01,2026-07-30,760,127.1708,760,127.1708,KURANG KIRIM
2604/01260,KERAMIK DIAMOND INDUSTRIES,40 X 40 ARTKERAMIK KW 1,2026-07-20,650,74.9645,650,74.9645,
2605/00060,"FRUIT ING INDONESIA, PT",BOX BOTTOM,2026-05-27,197,117.63855,197,117.63855,TIDAK SET
2605/00209,"MULTI NABATI SULAWESI, PT",SOVIA BIB 18 L,2026-07-23,980,648.809,980,648.809,SISA CONTAINER
2605/00255,"MEGASURYA MAS, PT",BOX REFILL MINYAK 1 LTR MSM 2016 - SUNCO POUCH 1 L 04-05-23,2026-07-28,1870,803.8569,1870,803.8569,
2605/00283,GRANDVILLE FOOD INDONESIA,KARDUS KECIL,2026-06-21,240,13.068,240,13.068,BELUM KETEMU
2605/00291,"HBFULLER ADHESIVES INDONESIA, PT",P162 (355 X 265 X 380 MM) KR BCF WITH-ACS-TAPE,2026-07-01,840,677.9052,840,677.9052,TUNGGU JADWAL
2605/00317,PERSEROAN TERBATAS - BADAN HALIMJAYA SAKTI,BOX ANDO HAWAI (AB),2026-05-18,630,314.0298,630,314.0298,TUNGGU JADWAL
2605/00354,"ROMAN CERAMIC INTERNATIONAL, PT",(GCAR5SD076) CART 5S THICK TILE RM TS GR 30 X 30 KW I,2026-06-27,550,141.3115,550,141.3115,
2605/00355,"ROMAN CERAMIC INTERNATIONAL, PT",(GCAR4SD094) CART 4S RM GRANIT 60 X 30 GRADE A,2026-08-01,0,0.0,12200,1025.41,
2605/00361,"ROMAN CERAMIC INTERNATIONAL, PT",(GCAR5SD141) CART 5S RM TS GR 120 X 60 GRADE A,2026-07-12,375,221.23125,375,221.23125,
2605/00370,NOFITA WAMIR,LIPOKU 220 ML,2026-07-15,8940,1768.6896,8940,1768.6896,TUNGGU JADWAL
2605/00528,PERSEROAN TERBATAS - BADAN HALIMJAYA SAKTI,BOX GEMOY PRIA,2026-07-08,600,623.358,600,623.358,TUNGGU JADWAL
2605/00530,PERSEROAN TERBATAS - BADAN HALIMJAYA SAKTI,BOX ANDO HAWAI,2026-07-16,880,469.2864,880,469.2864,TUNGGU JADWAL
2605/00592,"LOTUS INDAH TEXTILE INDUSTRIES, PT",LAYER LOTUS 545 X 280,2026-06-05,1500,99.0,1500,99.0,TUNGGU JADWAL
2605/00597,"LOTUS INDAH TEXTILE INDUSTRIES, PT",BOX 555 X 365 X 345 NON LOGO,2026-06-06,180,152.5122,180,152.5122,TUNGGU JADWAL
2605/00600,"LOTUS INDAH TEXTILE INDUSTRIES, PT",LAYER LOTUS 550 X 360,2026-05-19,2000,172.82,2000,172.82,TUNGGU JADWAL
2605/00660,"AKE ABADI, CV",KARTON AKE 200 ML (48) MANADO,2026-07-18,4260,979.587,4260,979.587,SISA CONTAINER
2605/00743,"KEMILAU SURYA PLASTINDO, CV",KARTON QUARTER 220 ML,2026-07-06,1240,262.5328,1240,262.5328,SISA CONTAINER
2605/00748,"MISSOURI, CV",BOX DOC RM 726 WARNA BIRU (TOP),2026-05-30,100,18.048,100,18.048,TIDAK SET
2605/00759,MERLYANA SOIK,"LILIN ISI 40 PAK, OB",2026-07-01,750,77.1375,750,77.1375,TUNGGU JADWAL
2605/00766,"CHEIL JEDANG INDONESIA, PT",702659 BOX/MIPOONG 250 GRAM REV.1,2026-06-26,1000,732.78,1000,732.78,TUNGGU JADWAL
2605/00795,"PLATINUM CERAMICS INDUSTRY, PT",NFT14 30X30 AT DC KW-B K,2026-07-31,4800,539.664,4800,539.664,
2605/00800,"SEKAR BUMI TBK, PT",MC. MATERIAL,2026-05-29,110,61.4064,110,61.4064,
2605/00809,BUANA MAHAYASA SAKTI CV,STANDAR BOTTOM 122 (653 X 365 X 122 MM) TANPA LOGO BMS,2026-07-18,3311,824.40168,511,133.24968,TUNGGU JADWAL
2605/00880,"KARYA INDAH MULTIGUNA, PT",735884 DEVIDER BYGN PART 72 X 6,2026-07-31,9600,264.864,0,0.0,
2605/01000,PERSEROAN TERBATAS LESAFFRE SARI NUSA,(400011608) CARTON BOX 500G BRUGEMAN CAN2694,2026-06-11,600,164.268,600,164.268,TUNGGU JADWAL
2605/01009,NIPSEA PAINT AND CHEMICALS. PT,PN044 BOX POLOS SW-6X0.2L,2026-07-15,3000,219.3,3000,219.3,TUNGGU JADWAL
2605/01010,NIPSEA PAINT AND CHEMICALS. PT,PN038 NPI POLOS OT SW (DC)-4X5K,2026-07-11,450,105.237,450,105.237,TUNGGU JADWAL
2605/01011,NIPSEA PAINT AND CHEMICALS. PT,PN100 NPI POLOS PLASTIK SW (DC)-12X1L,2026-07-06,3220,762.013,3220,762.013,
2605/01029,"CHAROEN POKPHAND INDONESIA TBK, PT",MC CP BRAND K200 NEW NKV,2026-07-14,360,227.6532,360,227.6532,KURANG KIRIM
2605/01032,"CHAROEN POKPHAND INDONESIA, PT",MC OKEY SAUSAGE NEW NKV,2026-07-31,5250,2254.245,0,0.0,
2605/01043,"CHAROEN POKPHAND INDONESIA, PT",MC AKUMO 500GR NEW NKV,2026-07-31,5290,2251.0008,0,0.0,
2605/01075,KARYA INDAH MEDIKA,KARTON BED PASIEN 3 CRANK IDM,2026-06-18,99,849.67047,99,849.67047,
2605/01086,ANDRIANI,AMDK LOE 220 ML,2026-07-24,3660,702.537,3660,702.537,SISA CONTAINER
2605/01157,"TAWON JAYA MAKASSAR, PT","TAWON - CC , OB",2026-07-28,2040,1886.6532,2040,1886.6532,SISA CONTAINER
2605/01158,"TAWON JAYA MAKASSAR, PT","TAWON - CC, IB",2026-07-28,4320,375.192,4320,375.192,SISA CONTAINER
2606/00005,MARTHINUS FAMDALE,FROZEN FISH LILIN LUAR 11,2026-07-23,5220,1343.8368,5220,1343.8368,
2606/00034,"SINAR KEMASAN TERANG, PT","IB 5 KG 1 1/2"" X 14 (WT TULIS 5 KG)",2026-06-30,12000,741.6,12000,741.6,TUNGGU JADWAL
2606/00040,"SINAR KEMASAN TERANG, PT","OB 13 KG 2"" X 12 (WT DIKOSONGI)",2026-06-21,520,140.0464,520,140.0464,TUNGGU JADWAL
2606/00074,"SIANTAR TOP TBK, PT",DUS GEMEZ ENAAK CHICKEN 30 GR KB INTERNATIONAL VIETNAM KTN/CK/E/144/00/VNM,2026-06-30,390,203.6814,390,203.6814,
2606/00075,"SIANTAR TOP TBK, PT",DUS GEMEZ ENAAK CHICKEN SPICY LEVEL 3 MIX DAIN KOREA KTN/GNA MIX/E/24X6/00/KOREA,2026-06-18,140,73.1164,140,73.1164,
2606/00081,"BEHAESTEX, PT",DBL SR AS SUPREM 925 2025,2026-07-09,125,257.365,125,257.365,BELUM KETEMU
2606/00129,"PLATINUM CERAMICS INDUSTRY, PT",NWT16 25X40 AT DC KW-A K,2026-07-24,2400,297.84,2400,297.84,
2606/00135,"ELODA MITRA, PT",5553102023 BOX BUN MINI TRAY,2026-06-26,777,627.00015,777,627.00015,TIDAK SET
2606/00160,"SINAR KEMASAN TERANG, PT",OB AIR ZUUR 1 LT,2026-07-22,1300,405.327,1300,405.327,
2606/00175,NIPSEA PAINT AND CHEMICALS. PT,PN099 MATEX PLASTIK OT SW (DC) 4X4.5 K,2026-07-06,3200,748.256,3200,748.256,
2606/00183,NIPSEA PAINT AND CHEMICALS. PT,"PN107 KOMILEX 4,5KG O/T SW DC",2026-07-14,320,74.8256,320,74.8256,TUNGGU JADWAL
2606/00227,"KAMBERA JAYA ABADI , PT",KARTON BUNAFIT 180 ML SB,2026-06-22,480,115.7328,480,115.7328,TUNGGU JADWAL
2606/00231,"ARISU INDONESIA, PT","HAZEL 50 REV, BOX",2026-06-21,390,190.4487,390,190.4487,TUNGGU JADWAL
2606/00254,"LOTUS INDAH TEXTILE INDUSTRIES, PT",LAYER LOTUS 535 X 350,2026-06-17,1400,113.386,1400,113.386,TUNGGU JADWAL
2606/00259,"CAHAYA BINTANG PLASTINDO,PT",DUS PACK OTC LUXURY 3P PACK A,2026-07-03,1000,1666.64,1000,1666.64,TUNGGU JADWAL
2606/00295,"HOKKAN DELTAPACK INDUSTRI, PT",BOX UK. 530 X 420 X 415 MM,2026-07-31,4500,3498.66,4500,3498.66,
2606/00392,"PLATINUM CERAMICS INDUSTRY, PT",NFT19 40X40 AT DC KW-A K,2026-08-02,6800,926.772,35600,4851.924,
2606/00429,"ETIKA DAIRIES INDONESIA, PT",CARTON BOX DAIRY CHAMP 48 X 480 G NEW HALAL LOGO,2026-07-23,1000,424.95,1000,424.95,TUNGGU JADWAL
2606/00434,"DWIMITRA MEGAH SEJAHTERA, PT",NS HEXA CRACKERS 4000 G (12383-1),2026-07-29,700,177.555,700,177.555,
2606/00437,"DUA KELINCI, PT",(4072663) BOX TIC TAC 80G OPTION 8 VARIAN,2026-07-10,1800,680.76,1800,680.76,TUNGGU JADWAL
2606/00450,EMPAT SEKAWAN MULIA PT.,FILTER (TRY REG) TUMBU TUTUP,2026-06-22,200,51.956,200,51.956,
2606/00529,"SINAR KARYA DUTA ABADI, PT",KARTON BOX UNO EXPORT 30 X 60,2026-08-01,46550,6142.738,0,0.0,
2606/00551,"INTERBAT, PT",(S4029001) CARTON R,2026-07-12,900,97.938,900,97.938,LEBIH PRODUKSI
2606/00562,"KEONG NUSANTARA ABADI, PT",MY JELLY SK 14 GR X 5 CUPS X 60 BAGS,2026-06-19,1480,473.2004,1480,473.2004,TIDAK SET
2606/00621,"SATORIA ANEKA INDUSTRI, PT",KARTON BOX SATORIA PHARMA 500 ML COKLAT (KBXXA03AA25-0002),2026-07-31,22151,10563.8119,1031,491.6839,
2606/00624,"WISMA TIRTA WANGI, CV",AMDK WJ 48 X 220 ML,2026-06-21,2320,483.1632,2320,483.1632,SISA CONTAINER
2606/00625,"SOEJASCH BALI, PT",KARTON BOX DOMINOS (POLOS),2026-07-29,4150,2256.687,4150,2256.687,TUNGGU JADWAL
2606/00651,DINAMIKA MEGATAMA CITRA.PT,BOX DOC PRINT (TUTUP),2026-07-23,2860,516.1728,800,144.384,LEBIH PRODUKSI
2606/00656,"MUTU GADING TEKSTIL, PT",DTY-H LOGO MGT,2026-07-30,600,759.672,600,759.672,
2606/00658,"MUTU GADING TEKSTIL, PT",DTY-HT LOGO MGT,2026-07-30,6600,8540.928,0,0.0,
2606/00679,MIFTAKHUL SALAM,SONGKOK NASIONAL HALUS 10 POTONG,2026-07-01,300,77.496,300,77.496,TUNGGU JADWAL
2606/00686,"HARTONO ISTANA TEKNOLOGI, PT",GA-177550-AJA10 BOTTOM CARTON WM 8KG W30 (M01),2026-07-20,100,18.566,100,18.566,
2606/00745,"MASPION, PT",DOOS LUAR EX 1000 (ISI 12),2026-07-13,255,110.98365,255,110.98365,TUNGGU JADWAL
2606/00746,"MASPION, PT",DOOS LUAR EX 1010 BLACKBERRY (ISI 12),2026-07-28,1598,676.64114,1598,676.64114,
2606/00774,BAMBANG HERMANTO,BODY BOX SSF GOLD,2026-07-09,150,76.9965,150,76.9965,TIDAK SET
2606/00799,BADRI,AMDK ALAS 220 ML,2026-06-26,2000,370.84,2000,370.84,TUNGGU JADWAL
2606/00800,"KARYA REPTIL SENTOSA, PT",BOX TEKEK POLOS,2026-07-30,210,599.7873,210,599.7873,KURANG KIRIM
2606/00810,"SUN POWER CERAMICS, PT",0147 - CARTON COKLAT PORCELAIN LITE SERIES 60 X 60,2026-06-25,90,31.5504,90,31.5504,
2606/00817,"SURYA CITRA INTI MAKMUR, PT",SAWDUST MERAH,2026-07-28,100,49.03,100,49.03,BELUM KETEMU
2606/00819,"SIANTAR TOP TBK, PT",DUS MIE GORENG BBQ 9 GR TEKS JOZOR AL MALAYO KTN/GEM/E/300/06/JORDANIA,2026-07-04,1980,686.5452,1980,686.5452,
2606/00823,"SINAR KEMASAN TERANG, PT","OB 29 KG 1 1/2"" X 14 (WT DIKOSONGI)",2026-06-23,980,400.085,980,400.085,TUNGGU JADWAL
2606/00824,"SINAR KEMASAN TERANG, PT","IB 5 KG 1 1/2"" X 14 (WT DIKOSONGI)",2026-07-01,1500,92.7,1500,92.7,TUNGGU JADWAL
2606/00827,"SINAR KEMASAN TERANG, PT","OB 13 KG 3 1/2"" X 9 (WT DIKOSONGI)",2026-06-25,2000,606.86,2000,606.86,TUNGGU JADWAL
2606/00828,"SINAR KEMASAN TERANG, PT","OB 13 KG 4"" X 8 (WT DIKOSONGI)",2026-07-01,2000,574.54,2000,574.54,TUNGGU JADWAL
2606/00834,"KARUNIA TIRTA KAJUARA, PT",KARTON LESTARI 1,2026-07-08,11480,2337.2132,11480,2337.2132,SISA CONTAINER
2606/00903,FELINE VICTORIA,BOX ALSHAMANDY 10 KG 39 X 30 X 14 SW,2026-07-08,1500,446.595,1500,446.595,AMBIL SENDIRI
2606/00912,"TJAKRINDO MAS,PT",PK-1632 BOX RAM END 800 X 1500 TT,2026-06-29,120,76.986,120,76.986,
2606/00975,"SUMBER AIR AFIAT, PT",AMDK YJAS 48 X 220 ML,2026-06-28,1080,236.1852,1080,236.1852,SISA CONTAINER
2606/00996,"SIANTAR TOP TBK, PT",DUS GEMEZ ENAAK SMOKED BBQ 28 GR CVS DAIN KOREA KTN/SBQ-CVS/E/24X6/00/KOREA,2026-06-28,1354,707.14004,1354,707.14004,
2606/01015,FELINE VICTORIA,OUT WAX - PT. KIMCI JAYA BERSAUDARA,2026-07-03,420,118.4778,420,118.4778,SISA CONTAINER
2606/01033,"TIRTA MAMBRAMO, PT",AMDK TIRMAS 220,2026-07-07,5340,1154.508,5340,1154.508,SISA CONTAINER
2606/01038,"SUN PAPER SOURCE, PT",03.06.02.0152 CB SP AST 150 S WHITE RIBBON DESAIN BARU,2026-07-26,60,61.9158,60,61.9158,
2606/01045,"BLUE OCEAN FOODS INDONESIA , PT",KARTON BRAND RADIANCE 155 G SARDINE IN TOMATO SAUCE (BROWN CRAFT),2026-06-30,123,22.21011,123,22.21011,LEBIH PRODUKSI
2606/01050,FELINE VICTORIA,BOX CUMI PRODUCT 20 KG PUTIH PRINT F4,2026-07-08,552,399.99576,552,399.99576,SISA CONTAINER
2606/01084,"AVIA AVIAN TBK, PT",DS AVITEX TEMBOK 5 KG AW-07,2026-06-30,310,207.0397,310,207.0397,LEBIH PRODUKSI
2606/01137,"GALAXY PACKINDO, CV",DOS (545 X 175 X 240) SAUCE 25,2026-07-29,1680,552.132,1680,552.132,
2606/01178,"BERKAT SEJAHTERA ERGA JAYA, CV",ERIKO KODE V,2026-07-10,75,195.861,75,195.861,
2606/01194,"SIANTAR TOP TBK, PT",DUS FRENCH FRIES PREMIUM PARTY PACK 192 GR ISI 16 PCS KTN/FFP-PARTY/L/16/00,2026-07-03,140,102.8104,140,102.8104,
2606/01200,VICKY FARDIANSYAH,NON WAX - FROZEN FISH K110,2026-07-04,120,30.8928,120,30.8928,TUNGGU JADWAL
2606/01218,"TJAKRINDO MAS,PT",PK-1631 BOX RAM DOUBLE 900 X 1500 TT,2026-07-24,100,70.98,100,70.98,
2606/01243,MITRA ALAM SEGAR,23000946 - KARDUS PFG 175 ML 0725,2026-07-25,750,132.825,750,132.825,
2606/01244,"SEBASTIAN CITRA INDONESIA, PT",7007067006202 KARTON BOX (BOX BUNS),2026-07-19,596,333.03288,596,333.03288,LEBIH PRODUKSI
2606/01256,"AROMA DEWI, CV",TEPUNG CRISPY,2026-07-20,5140,2082.6766,5140,2082.6766,
2606/01263,"SIANTAR TOP TBK, PT",DUS GEMEZ ENAAK NOODLE SNACK CHICKEN BBQ BULKY NON RTG KTN/GENSCB/E/195/00/XIAMENCHINA,2026-07-04,1046,603.50016,1046,603.50016,
2606/01282,AKASHA WIRA INTERNATIONAL PT TBK,(56220501) WRAP AROUND CARTON BOX ADES 600 ML,2026-07-30,1010,284.0019,1010,284.0019,
2607/00002,SUMARNO,POLOS COKLAT UK LUAR 395 X 340 X 250 MM,2026-07-12,350,227.1745,350,227.1745,
2607/00003,"GALAXY PACKINDO, CV",DOS (480 X 200 X 245) TBR 2B - H,2026-07-27,900,300.15,0,0.0,
2607/00017,"LOTUS INDAH TEXTILE INDUSTRIES, PT",LAYER LOTUS 330 X 260,2026-07-09,1500,29.28,1500,29.28,TUNGGU JADWAL
2607/00020,"GALAXY PACKINDO, CV",DOS (370 X 270 X 230) SAUCE 75,2026-07-29,4880,1718.9312,820,288.8368,
2607/00036,PERSEROAN TERBATAS LESAFFRE SARI NUSA,(400011367) CARTON BOX 500G BAKERY DELIGHT CAN2673,2026-07-09,2620,717.3036,2620,717.3036,TUNGGU JADWAL
2607/00037,PERSEROAN TERBATAS LESAFFRE SARI NUSA,(400011231) CARTON BOX 500G BRUGGEMAN CAN2665,2026-07-16,240,65.7072,240,65.7072,TUNGGU JADWAL
2607/00052,"MISSOURI, CV",BOX DOC HM 623 (TOP),2026-07-09,100,18.048,100,18.048,TIDAK SET
2607/00072,"BONDVAST INDO SUKSES, PT",P-NK-12001200-ID SERAT LAYER (GARIS TEKAN / DIECUT),2026-08-01,1720,1411.776,1978,1623.5424,LEBIH PRODUKSI
2607/00077,PT WISMILAK INTI MAKMUR TBK,2000000380 BOX KAKI - 4400,2026-07-27,350,106.372,350,106.372,TUNGGU JADWAL
2607/00078,PT WISMILAK INTI MAKMUR TBK,2000000381 BOX TUTUP - 4400,2026-07-27,500,94.155,500,94.155,TUNGGU JADWAL
2607/00080,CENDRAWASIH DWIMEGA KENCANA,AMDK CENDRAQUA 220 ML,2026-07-07,2000,435.3,2000,435.3,SISA CONTAINER
2607/00083,EVANDER SEBASTIAN THOMAS,BOX SARABATT FARM ANAK AYAM (BODY),2026-07-10,100,52.755,100,52.755,
2607/00086,PERSEROAN TERBATAS LESAFFRE SARI NUSA,(400011366) CARTON BOX 500G SAF INSTANT RED CAN 2696 H246,2026-07-28,980,268.3044,980,268.3044,TUNGGU JADWAL
2607/00088,PERSEROAN TERBATAS LESAFFRE SARI NUSA,(400011232) CARTON BOX 500G SAF INSTANT CAN2667,2026-07-27,1040,284.7312,1040,284.7312,TUNGGU JADWAL
2607/00093,BUANA MAHAYASA SAKTI,BOX 106 GR BOTTOM,2026-07-12,600,153.369,0,0.0,TUNGGU JADWAL
2607/00094,BUANA MAHAYASA SAKTI,BOX 86 GR BOTTOM,2026-07-20,2600,598.598,0,0.0,TUNGGU JADWAL
2607/00099,"ETIKA DAIRIES INDONESIA, PT",CB PB DC 2.5 KG LOKAL NEW HALAL LOGO + PARTISI,2026-07-27,10560,7797.3984,5760,4253.1264,
2607/00130,"PLATINUM CERAMICS INDUSTRY, PT",NFT17 40X40 AT DC KW-B L,2026-08-01,7200,981.288,10800,1471.932,
2607/00142,SRI YULIANA,FROZEN FISH POLOS 110 / 110 / 110,2026-07-13,1460,375.8624,1460,375.8624,
2607/00158,"INTIDRAGON SURYATAMA, PT",DOS PROATT BTSN 12 35/38 71 X 48 X 28.5 CM,2026-07-10,105,134.9103,105,134.9103,LEBIH PRODUKSI
2607/00161,CHAROEN POKPHAND JAYA FARM.PT,DOC CP707 (BOTTOM),2026-07-27,2300,813.027,2300,813.027,LEBIH PRODUKSI
2607/00191,"SIANTAR TOP TBK, PT",DUS TIC-TIC BAWANG SAMCOL CBP 2000 LOKAL 60 PCS KTN/TIC-SC-NEW/L/60/00,2026-07-13,551,205.07118,551,205.07118,LEBIH PRODUKSI
2607/00192,"SIANTAR TOP TBK, PT",DUS TIC-TIC BAWANG HANGOUT PACK LOKAL KTN/NEW-TIC-BWG/HOP/20/00,2026-07-14,320,217.696,320,217.696,
2607/00203,"SARIMURNI JAYA, PT",DUS 15000 MOMOGI FUN SNACK PS1167,2026-07-17,1954,1079.60454,1954,1079.60454,
2607/00215,"INTIDRAGON SURYATAMA, PT",DOS PROATT BTSN 12 31/34 65X44X26 CM,2026-07-17,77,83.31169,77,83.31169,LEBIH PRODUKSI
2607/00216,"INTIDRAGON SURYATAMA, PT",DOS PROATT LD 12 67X47.5X30 CM,2026-07-22,126,157.69404,126,157.69404,
2607/00217,"INTIDRAGON SURYATAMA, PT",DOS PROATT NGLT 12 35/38 68X46X28.5 CM,2026-07-19,163,195.73203,163,195.73203,LEBIH PRODUKSI
2607/00218,"INTIDRAGON SURYATAMA, PT",CARTON BOX ATT PHL 30/33 33X32X23,2026-07-20,90,46.7847,90,46.7847,LEBIH PRODUKSI
2607/00219,"INTIDRAGON SURYATAMA, PT",CARTON BOX ATT PHL 38/41 39X37X28.5,2026-07-17,80,57.2056,80,57.2056,LEBIH PRODUKSI
2607/00234,KOPERASI PESANTREN LATANSA PONDOK MODERN GONTOR,AMDK AMIDAS GONTOR 48 X 220 ML + LYR,2026-07-19,520,116.7764,520,116.7764,TUNGGU JADWAL
2607/00236,"SARIMURNI JAYA, PT",CARTON BOX 1000 CRISCITO TIKAR (CRISPY SNACK) 8X10X10G (PS1219),2026-07-21,8570,2851.239,8570,2851.239,
2607/00238,"SARIMURNI JAYA, PT",DUS 005 YALE ST2BLT (16 X 10 X 6 G) PS1035,2026-07-18,4540,1110.8472,4540,1110.8472,TUNGGU JADWAL
2607/00247,"ARISU INDONESIA, PT","ULI D01 UK1, BOX",2026-07-28,1426,855.35758,1426,855.35758,TUNGGU JADWAL
2607/00248,"ARISU INDONESIA, PT","ULI D01 UK1, COVER",2026-07-28,435,86.44755,435,86.44755,TUNGGU JADWAL
2607/00251,"SATORIA ANEKA INDUSTRI, PT",KARTON BOX COKLAT SATORIA PHARMA 100 ML ISI 40 (KBXXE03AB25-0002),2026-07-29,7770,3460.758,7770,3460.758,
2607/00267,PERSEROAN TERBATAS LESAFFRE SARI NUSA,(400011607) CARTON BOX 500G DCL CAN2695,2026-07-18,1000,281.41,1000,281.41,TUNGGU JADWAL
2607/00268,PERSEROAN TERBATAS LESAFFRE SARI NUSA,(400011382) CARTON BOX 500G FERMIPAN CAN2666,2026-07-31,880,240.9264,880,240.9264,TUNGGU JADWAL
2607/00285,"KARYA INDAH MULTIGUNA, PT",1210608 CC RSC RAID COILS GREEN 4 X 50G / 48 UN AR,2026-07-31,1800,501.408,0,0.0,LEBIH PRODUKSI
2607/00286,"KARYA INDAH MULTIGUNA, PT",1265578 RSC BAYGON BASE COIL LAV12S SHK 6/6TH,2026-07-31,10500,8287.545,0,0.0,
2607/00287,"KARYA INDAH MULTIGUNA, PT",1210624 RSC RAID COIL CNTRYFRSH 12/150G/24U,2026-07-31,1500,593.55,0,0.0,
2607/00294,"KEONG NUSANTARA ABADI, PT",MY JELLY SK 14 GR X 30 CUPS X 12 NEW,2026-07-11,1560,561.3348,1560,561.3348,TIDAK SET
2607/00295,"KEONG NUSANTARA ABADI, PT",MY JELLY SK 14 GR X 5 CUPS X 60 BAGS + LAYER,2026-07-14,250,73.34,250,73.34,TIDAK SET
2607/00311,"ROMAN CERAMIC INTERNATIONAL, PT",(GCAR5SD050) CART 5S RM TS GR 60 X 30 KW I,2026-07-14,1450,343.157,1450,343.157,
2607/00314,"ROMAN CERAMIC INTERNATIONAL, PT",(GCAR5SD139) CART 5S RM GR 80 X 80 GRADE A,2026-07-19,300,157.308,300,157.308,
2607/00322,"ROMAN CERAMIC INTERNATIONAL, PT",(GCAR4SD053) CART 4S RM 40 X 40 KW I NEW,2026-07-30,7600,1007.988,7600,1007.988,
2607/00323,"ROMAN CERAMIC INTERNATIONAL, PT",(GCAR5SD078) CART 5S THICK TILE RM TS GR 60 X 60 KW I,2026-07-28,4375,1608.11875,800,294.056,
2607/00324,"ROMAN CERAMIC INTERNATIONAL, PT",(GCAR4SD071) CART 4S RM FT 30 X 30 KW I GCT B1B 11PC,2026-07-31,11394,1386.30798,0,0.0,KURANG KIRIM
2607/00326,"ROMAN CERAMIC INTERNATIONAL, PT",(GCAR5SD053) CART 5S RM TS GR 60 X 60 KW II,2026-07-28,2025,686.25225,2025,686.25225,KURANG KIRIM
2607/00327,"ROMAN CERAMIC INTERNATIONAL, PT",(GCAR5SD144) CART 5S RM GRANIT 60 X 15 GRADE A,2026-07-30,1400,311.332,1400,311.332,
2607/00328,"ROMAN CERAMIC INTERNATIONAL, PT",(GCAR5SD049) CART 5S RM TS GR 60 X 60 KW I,2026-07-27,875,296.52875,475,160.97275,KURANG KIRIM
2607/00329,"ROMAN CERAMIC INTERNATIONAL, PT",(GCAR5SD145) CART 5S RM GRANIT 60 X 15 GRADE B,2026-07-30,100,22.238,100,22.238,
2607/00332,"ROMAN CERAMIC INTERNATIONAL, PT",(GCAR5SD238) CART 5S RM GRANIT 100 X 100 GRADE B,2026-07-30,4575,3375.8925,2950,2176.805,
2607/00333,"SUKSES MITRA INDO,PT",W528 MANGKUK SUP GELOMBANG TIMBUL,2026-07-30,525,483.98175,0,0.0,
2607/00338,"DUA KELINCI, PT",(4071175) BOX KUACI FUZO 130G OPT,2026-07-31,-20,-9.3594,0,0.0,
2607/00371,KARUNIA INDAH SEGAR,43000085 - KD POWER F GRP 175 ML ND 1125,2026-07-19,6338,1107.43874,6338,1107.43874,
2607/00376,"SEKAR BUMI TBK, PT",MC WATERFRONT BISTRO CPND 5X2 LBS 91/110 (COS),2026-07-29,70,31.1766,70,31.1766,
2607/00381,NIPSEA PAINT AND CHEMICALS. PT,PN183 ELASTEX WATERPROOF 3IN1 ACCENT# 4KG,2026-07-18,920,215.1236,920,215.1236,TUNGGU JADWAL
2607/00391,"INTIDRAGON SURYATAMA, PT",CARTON BOX ATT PHL 34/37 37X34X25.5,2026-07-22,220,134.277,220,134.277,
2607/00401,YOULIAN TAPE INDONESIA,SEVEN STAR 48,2026-07-31,560,277.6368,0,0.0,TUNGGU JADWAL
2607/00406,KEMBANG JAYA CV,FAZZA ISI 40 X 220 ML NEW,2026-07-31,14560,2788.0944,1660,317.8734,AMBIL SENDIRI
2607/00408,"MAS RIZAL,CV",BALL SW,2026-08-01,0,0.0,357,902.82801,
2607/00409,"MAS RIZAL,CV",OUTER BOX UK 768 X 484 X 1246 MM,2026-08-01,0,0.0,306,997.88436,
2607/00420,"TIRTA FRESINDO JAYA, PT",2051502103 CRT B1 TPH 24 X 350 ML P1 BIRU,2026-07-30,275,77.29425,275,77.29425,
2607/00431,"ANEKA RUPA TERA, PT",DUS POLOS (UK. 330 X 320 X 190),2026-07-18,200,61.332,200,61.332,KURANG KIRIM
2607/00445,"USAHA SEKAWAN FARMASI INDONESIA, PT",DOS BEDAK SALICYL 50 GR,2026-07-30,340,62.2336,340,62.2336,
2607/00448,SINAR KARYA DUTA ABADI,KARTON BOX DIGI UNO NOUVAFIMA EXPORT 50 X 50,2026-07-31,22050,3422.16,22050,3422.16,
2607/00449,"SINAR KARYA DUTA ABADI, PT",KARTON BOX UNO EXPORT 50 X 50 R BIII,2026-07-31,2450,407.7535,0,0.0,
2607/00462,AIDA ARTAN,BOX SNACK BABY BOSS 20 G,2026-08-01,0,0.0,9500,3730.175,
2607/00470,"SUN PAPER SOURCE, PT",03.06.02.0168 CB SF MONTISS 200 S 2IN1 (SUPERBRAND),2026-07-20,130,117.3653,130,117.3653,
2607/00485,CENTRALPERTIWI BAHARI . PT,MC BLANK BROWN,2026-07-31,3000,2623.02,0,0.0,
2607/00487,"SUN PAPER SOURCE, PT",03.06.02.0175 CB SOFTPACK FAVOUR MOLANG 200 S R1,2026-07-30,1620,1588.6368,0,0.0,LEBIH PRODUKSI
2607/00489,"MUTU GADING TEKSTIL, PT",JUMBO BOX BOTTOM Y (DW) BK,2026-07-30,301,2476.04406,301,2476.04406,TIDAK SET
2607/00490,"MUTU GADING TEKSTIL, PT",JUMBO BOX TOP Y (DW) BT,2026-07-21,159,796.71243,159,796.71243,TUNGGU JADWAL
2607/00514,"ASIA PACIFIC FIBERS, PT","BOX BOTTOM JUMBO DTY 1000 ""CARL WEISKE""",2026-08-01,0,0.0,350,3185.8085,
2607/00517,"ASIA PACIFIC FIBERS, PT",LAYER JUMBO DTY 1 LAPIS DOUBLE WALL CW,2026-08-01,0,0.0,1000,1593.57,KURANG KIRIM
2607/00567,"DUA KELINCI, PT",(4071540) BOX SUKRO ORIGINAL 95G,2026-07-31,20,6.4322,0,0.0,
2607/00582,"MEGASURYA MAS, PT",BOX LERVIA 80 GR - REVAMP - ALL VARIANT LOKAL 18-03-26,2026-07-30,117,25.88157,117,25.88157,
2607/00585,"CITRA ANEKA PANGAN, CV",BOX LOVELY,2026-07-21,100,58.663,100,58.663,
2607/00589,"DUA KELINCI, PT",(4070309) BOX DUA KELINCI 370G LOGO HALAL HITAM,2026-07-22,890,639.999,890,639.999,TUNGGU JADWAL
2607/00590,KHOLIFATUN NURJANNAH,AMDK AL - ISHLAHIYYAH 220 ML X 48,2026-08-01,0,0.0,5120,1123.6864,
2607/00593,"SIANTAR TOP TBK, PT",DUS GEMEZ ENAAK EXTRA SPICY 28 GR BULKY WITH GACC EXPORT NANJING CHINA KTN/NJSPC-BULKY/E/80/02/NANJI,2026-08-01,0,0.0,560,190.1984,KURANG KIRIM
2607/00594,"SIANTAR TOP TBK, PT",DUS GEMEZ ENAAK SPICY BIGBOX 14 G XIAMEN TYSEN CHINA KTN/XMN SCY/E/180/07/XIAMENCHINA,2026-07-31,10509,4700.15025,10509,4700.15025,
2607/00595,"SIANTAR TOP TBK, PT",DUS GEMEZ ENAAK 14 GR SPICY RENTENG WITH CIDN EXPORT XIAMEN CHINA KTN/NJSCY-RENTENG120/E/120/05/XIAM,2026-08-02,0,0.0,3040,967.9056,KURANG KIRIM
2607/00621,"SIANTAR TOP TBK, PT",DUS TWISTKO JAGUNG BAKAR PREMIUM 70 GR KTN/TJB70/20/00,2026-08-01,500,196.135,1780,698.2406,LEBIH PRODUKSI
2607/00625,"SIANTAR TOP TBK, PT",DUS FRENCH FRIES CBP 2000 15 GR IBT 60 PCS KTN/NEW-FF/IBT/60/00,2026-08-01,0,0.0,1360,422.3072,LEBIH PRODUKSI
2607/00636,"SIANTAR TOP TBK, PT",DUS TIC-TIC BAWANG CBP 2000 LOKAL 60 PCS KTN/TIC-BWG2000_NEW/L/60/00,2026-07-31,620,230.7516,620,230.7516,KURANG KIRIM
2607/00652,PANGAN SUKSES GEMILANG. PT,FILLET PATIN SUPER TINTA BIRU,2026-07-25,500,176.13,500,176.13,
2607/00653,PANGAN SUKSES GEMILANG. PT,FILLET PATIN SUPER TINTA BIRU (PSG1),2026-07-24,520,183.1752,520,183.1752,
2607/00661,"SIANTAR TOP TBK, PT",DUS GEMEZ ENAAK EXTRA SPICY 28G MT SHINHER KTN/SPCTWN-MT/E/24X6/01/SHINGHERTAIWAN,2026-07-30,1580,1030.4128,1580,1030.4128,LEBIH PRODUKSI
2607/00663,MANUSIA WANGI SEPANJANG HARI.CV,MANDALIKA FULL BLACK,2026-07-30,340,53.5534,340,53.5534,
2607/00665,"INTIDRAGON SURYATAMA, PT",DOS PROATT CFK-LC 39/44 665,2026-07-19,464,596.4024,464,596.4024,LEBIH PRODUKSI
2607/00666,"INTIDRAGON SURYATAMA, PT",DOS PROATT CFK-LC 39/43,2026-07-20,1066,1324.51566,1066,1324.51566,LEBIH PRODUKSI
2607/00674,"CHAROEN POKPHAND JAYA FARM,PT",BOX DOC HY LINE,2026-07-26,125,65.94375,125,65.94375,LEBIH PRODUKSI
2607/00701,"CAHAYA BINTANG PLASTINDO,PT",DUS PACK OTC LUXURY 3P PACK B,2026-08-02,0,0.0,1024,2328.33024,
2607/00706,"MEGASURYA MAS, PT",BOX POUCH LIQUID SOAP 85GR - MEDICARE ALL VARIANT 16-03-26,2026-07-31,13200,3335.244,13200,3335.244,
2607/00709,"MASPION, PT",BOX TUMBU MMC 1291,2026-07-30,3120,1173.3384,3120,1173.3384,
2607/00719,"SIANTAR TOP TBK, PT",DUS GEMEZ ENAAK SMOKED BEEF 14 GR 180 NON RENTENG XIAMEN CHINA KTN/GMZ-SB/RTG/E/180/00/XIAMEN CHINA,2026-08-01,80,36.564,5231,2390.82855,
2607/00728,"KOBE BOGA UTAMA, PT",2100002303 - KARTON BONCRISPY UBI BALADO 20G X 60PCS,2026-07-31,5175,2811.5775,5175,2811.5775,
2607/00729,"KOBE BOGA UTAMA, PT",2100002300 - KARTON BONCABE CAKAR NAGA LV15 24 X 60 G,2026-08-02,0,0.0,4700,1809.688,
2607/00743,"ELODA MITRA, PT",5553102020 BOX ROTI 108,2026-07-29,3776,2603.24992,3776,2603.24992,LEBIH PRODUKSI
2607/00768,"SUN PAPER SOURCE, PT",03.06.02.0090 CB SOFTPACK INDO MARET 180 S,2026-07-30,40,35.4268,40,35.4268,
2607/00770,"MANNASATRIA KUSUMAJAYA PERKASA, PT.",KARTON SIIPLAH 120 ML,2026-07-28,1680,221.088,1680,221.088,
2607/00774,MITRA ALAM SEGAR,23000735 - KARDUS TEH RIO GULA BATU 180 ML,2026-08-02,5100,903.21,29675,5255.4425,
2607/00777,PERSEROAN TERBATAS SINOSURA FAT CHEMISTRY INDONESI,BOX SHORTENING (PRINTING),2026-07-23,180,115.3512,180,115.3512,
2607/00779,"ASERA TIRTA POSIDONIA , PT",BOX AMDK ASERA 48 X 220 ML,2026-07-22,2310,542.9424,2310,542.9424,SISA CONTAINER
2607/00798,SUMBER SARI PANGAN,MAX ROLL KALENG ISI 6,2026-07-29,840,239.0808,840,239.0808,
2607/00808,"SIANTAR TOP TBK, PT",DUS GORIORIO POUCH VANILA COKLAT TIRAMISU MIX ISI 16 PCS KTN/GRRP/L/16/01,2026-07-26,137,41.48771,137,41.48771,
2607/00821,SAYYID HAMID,ESHA QUEEN IMPERIAL MINI CABINET SUSUN 3,2026-07-30,222,229.70784,222,229.70784,
2607/00824,"ENDRIAN RUSLIM,",FROZEN FISH POLOS K110 / M110 / K110,2026-07-24,1500,386.16,1500,386.16,
2607/00826,"ANUGERAH MULIA BOX,CV",FROZEN FISH POLOS K200 / M125 / K200,2026-07-24,3700,1468.974,3700,1468.974,TUNGGU JADWAL
2607/00827,PERSEROAN TERBATAS YOU WANG YOU,BOX MOOH ORIGINAL 220 ML,2026-07-31,4740,911.1702,0,0.0,
2607/00829,PERSEROAN TERBATAS YOU WANG YOU,BOX MOOH MANGGA 220 ML,2026-08-01,5140,988.0622,0,0.0,
2607/00830,PERSEROAN TERBATAS YOU WANG YOU,BOX MOOH BLUEBARRY 220 ML,2026-07-31,8160,1568.5968,0,0.0,TUNGGU JADWAL
2607/00833,"BLUE OCEAN FOODS INDONESIA , PT",KARTON NOSH SARDINES IN SOYBEAN OIL WITH CHILLI,2026-07-22,100,19.048,100,19.048,TUNGGU JADWAL
2607/00844,"MEGASURYA MAS, PT",BOX REFILL MINYAK 2 LTR MSM 2018 - SUNCO POUCH 2 L 04-05-23,2026-08-02,-7210,-3371.4681,31770,14855.9697,
2607/00848,DWI SUPRIANTO/PRIHANDIKA BAGAS PRATAMA/,OUT WAX - FROZEN FISH 110 / 110 / 110,2026-07-27,2080,535.4752,2080,535.4752,TUNGGU JADWAL
2607/00853,"ANUGRAH MAJU KEMASINDO, PT",BOX PECI NASIONAL,2026-07-30,3500,1102.885,3500,1102.885,
2607/00866,"INTIDRAGON SURYATAMA, PT",DOS PROATT CFK-LHC 39/42 67 X 43.5 X 30,2026-07-24,123,141.21876,123,141.21876,
2607/00867,"INTIDRAGON SURYATAMA, PT",DOS PROATT CFK LC 41/44 66.5X47.5X32.5 CM,2026-07-24,290,372.7515,290,372.7515,
2607/00891,PERSEROAN TERBATAS - BADAN HALIMJAYA SAKTI,BOX ANDO THUNDER 02,2026-07-25,450,305.0235,450,305.0235,
2607/00896,"WILMAR NABATI INDONESIA, PT",CARTON TULIP 1 KG X 10 BAG,2026-07-31,11000,4167.24,11000,4167.24,
2607/00903,"ROMAN CERAMIC INTERNATIONAL, PT",(GCAR5SD141) CART 5S RM TS GR 120 X 60 GRADE A,2026-07-30,975,574.977,975,574.977,
2607/00907,GAJAH MITRA CEMERLANG,OUTER RICE BUCKET 6 LT,2026-07-31,510,568.7418,0,0.0,
2607/00908,GAJAH MITRA CEMERLANG,INNER RICE BUCKET 6 LT,2026-07-28,5040,1079.6184,0,0.0,
2607/00924,"BONDVAST INDO SUKSES, PT",P-NY-16201011-ID SERAT LAYER (GARIS TEKAN),2026-07-30,520,485.4512,520,485.4512,
2607/00928,"SIANTAR TOP TBK, PT",DUS GEMEZ ENAAK AYAM KECAP CBP 1000 80 RTG LOKAL KTN/GEN1-RTG/L/80/01,2026-07-31,26040,4853.3352,840,156.5592,KURANG KIRIM
2607/00929,"SIANTAR TOP TBK, PT",DUS FRENCH FRIES PREMIUM 5000 LOGO HALAL KTN/FFP5/L/20/02/HCO,2026-08-01,14060,4111.144,17640,5157.936,LEBIH PRODUKSI
2607/00930,"SIANTAR TOP TBK, PT",DUS FRENCH FRIES CBP 2000 15 GR LOKAL 60 PCS KTN/NEW-FF/L/60/00,2026-07-31,24620,7951.7676,860,277.7628,LEBIH PRODUKSI
2607/00932,"SIANTAR TOP TBK, PT",DUS DEO GORIORIO CBP 500 CENTANG ISI 240 PCS KTN/DGR500-NEW/L/240/00,2026-07-31,19735,3748.26855,19735,3748.26855,
2607/00933,"SIANTAR TOP TBK, PT",DUS DEO GO POTATO CBP 500 ISI 240 PCS ORIGINAL LOKAL KTN/NEW-DGP/L/240/00,2026-08-01,0,0.0,20480,3623.1168,
2607/00934,"SIANTAR TOP TBK, PT",DUS BOYKI MIE GORENG CBP 1000 LOKAL 80 RTG KTN/BYK1000-MG/RTG/L/80/01,2026-08-02,0,0.0,9780,1822.7964,LEBIH PRODUKSI
2607/00937,H. ASNAWING,OUT WAX - FROZEN FISH BIRU,2026-07-28,2280,666.9912,2280,666.9912,SISA CONTAINER
2607/00940,"ALBEXON JAYA SUKSES MAKMUR, CV",TOPLES JD 3/4 DIAMOND,2026-07-28,3100,913.477,3100,913.477,
2607/00941,"ANUGERAH MULIA BOX,CV",POLOS 30 LBS,2026-07-29,2200,1577.51,2200,1577.51,
2607/00949,"WILMAR NABATI INDONESIA, PT",CARTON FORTUNE POUCH 6 X 2 L,2026-07-29,2880,1242.288,2880,1242.288,
2607/00953,PERSEROAN TERBATAS - BADAN KARUNIA INDAH ABADI,23000125 - KARTON MIE SEDAAP ST (ND0724),2026-07-24,7222,1490.18748,7222,1490.18748,SISA CONTAINER
2607/00965,PERSEROAN TERBATAS - BADAN KARUNIA INDAH ABADI,23000124 - KARTON MIE SEDAAP GR (ND0724),2026-08-02,13727,3005.25211,51602,11297.22586,SISA CONTAINER
2607/00968,KARUNIA INDAH SEGAR,43000081 - KARDUS TEH RIO GULA BATU 180 ML 09.23,2026-07-30,9950,1738.5635,9950,1738.5635,
2607/00978,KERAMIK DIAMOND INDUSTRIES,40 X 40 STARGRES KW 1,2026-07-31,4200,484.386,4200,484.386,
2607/00990,"MARIMAS PUTERA KENCANA, PT",(KTH72-01) KARTON MARITEH R72,2026-07-31,7000,2278.08,0,0.0,
2607/01000,"ANUGERAH MULIA BOX,CV",FROZEN NFE K125 / M125 / K110,2026-08-01,11200,3159.408,14500,4090.305,
2607/01001,LA ODE ASMIN,LAYUR POLOS COKLAT,2026-08-01,1940,829.9708,0,0.0,
2607/01006,"GUNUNG AGUNG SENTOSA, PT",SHEET UK 720 X 330 MM,2026-07-29,10400,1012.128,0,0.0,
2607/01011,"DUA KELINCI, PT",(4072936) BOX TOS 20G OPT 3 VAR,2026-08-02,260,121.1548,760,354.1448,TUNGGU JADWAL
2607/01021,"SIANTAR TOP TBK, PT",DUS GEMEZ ENAAK 16 GR CHICKEN SMALL BOX WITH CIDN EXPORT XIAMEN CHINA KTN/HCF-SB/E/12/07/HCFCHINA,2026-07-28,1780,748.846,1780,748.846,LEBIH PRODUKSI
2607/01027,"ENVIRONEER, PT",UNITOR 4L + 2 LYR UK 290 X 290 X 110 MM,2026-07-26,125,63.47,125,63.47,
2607/01029,"CAHAYA BUKIT SUKA, PT",BHUMI ALAMI 16,2026-07-31,3150,3549.1365,0,0.0,
2607/01058,"SINAR KEMASAN TERANG, PT","OB 13 KG 3"" X 10 (WT DIKOSONGI)",2026-07-31,5900,1668.461,2000,565.58,
2607/01071,FELINE VICTORIA,POLOS PUTIH DW 40 X 27 X 16,2026-07-27,1160,363.0104,1160,363.0104,TUNGGU JADWAL
2607/01074,"INDOFLORA CIPTA MANDIRI, PT",KARTON LUMBA-LUMBA XTRA,2026-08-01,0,0.0,5000,1091.1,
2607/01075,"AIR GANGGA DEWATA ALAMI, PT",ECOQUA 220 ML NEW DESIGN,2026-07-29,1180,255.3166,1180,255.3166,
2607/01083,"MEGASURYA MAS, PT",BOX HARMONY 70 GR LOKAL REVAMP - NS (2601) - GRAPE SPARKLING 16-03-26,2026-08-01,8700,1711.116,23880,4696.7184,
2607/01084,"MEGASURYA MAS, PT",BOX HARMONY 70 GR LOKAL REVAMP - NS (2601) - MELON HONEYDEW 16-03-26,2026-08-01,0,0.0,23480,4618.0464,
2607/01088,"INDO CERIA PLASTIK DAN PRINTING, PT",K.BOX SPLASH 240 ML,2026-07-30,2260,2248.3836,450,447.687,
2607/01094,"SUN PAPER SOURCE, PT",03.06.02.0196 CB SOFTPACK SIERRA 250 S 4IN1,2026-08-01,0,0.0,5050,4520.4065,
2607/01098,DIA LAXMI,AMDK ABI 220 ML,2026-07-31,0,0.0,900,195.957,
2607/01099,"ANEKA RUPA TERA, PT",DUS ART UK. 370 X 370 X 265,2026-08-01,1420,610.9124,0,0.0,
2607/01141,SRIANI,DOS HELLO TANGGUNG,2026-07-30,3150,545.7375,3150,545.7375,
2607/01142,"ALP PETRO INDUSTRY, PT",(RMEA-309-PK0014) CARTON BOX KRAFT EURO 5L X 4 BOTOL,2026-08-01,1100,849.255,3140,2424.237,TUNGGU JADWAL
2607/01203,"SIANTAR TOP TBK, PT",DUS GORIORIO VANILA COKLAT TIRAMISU MIX 23 GR ISI 120 PCS KTN/GRR-DPX/HCO/L/12/01,2026-08-01,0,0.0,5100,979.863,
2607/01204,"SIANTAR TOP TBK, PT",DUS SPIX TIC TIC AP DAN SPICY CTG ISI 88 PROMO KTN/TTM- SPC/L/88/00,2026-08-01,1990,356.3891,8290,1484.6561,
2607/01205,"SIANTAR TOP TBK, PT",DUS DEO GO! CHOCOLATE LOGO HALAL KTN/DGC/L/192/03,2026-08-01,0,0.0,14,1.90148,
2607/01206,"SIANTAR TOP TBK, PT",DUS BOYKI MIE GORENG CBP 1000 IBT 80 RTG KTN/BYK1000-MG/RTG/IBT/80/01,2026-08-02,1220,227.3836,5060,943.0828,
2607/01228,"SINAR KEMASAN TERANG, PT",MB GULA MERAH GUDANG KELAPA,2026-07-31,4000,1535.16,2000,767.58,
2607/01248,"KARYA INDAH MULTIGUNA, PT",897765 RSC BYGN METAL 60 X 10,2026-08-02,0,0.0,4200,2209.83,
2607/01260,"PURA BARUTAMA, PT",SARIWANGI TB 50,2026-07-31,2617,885.88067,0,0.0,LEBIH PRODUKSI
2607/01290,SUYATNO,POLOS COKLAT UK LUAR 510 X 310 X 145 MM,2026-08-01,7440,2844.1632,0,0.0,TUNGGU JADWAL
2607/01297,"DUA KELINCI, PT",(4070257) BOX DUA KELINCI 60G LOGO HALAL HITAM,2026-08-01,0,0.0,6080,4470.624,
2607/01298,"DUA KELINCI, PT",(4075705) BOX RONI 24G/26G OPTION,2026-08-02,0,0.0,980,434.6202,
