SPS/2605/00183-B03,54390.4450000
SPS/2605/00907-B01,33471.9000000
SPS/2605/00252-B01,27350.5089000
SPS/2605/00946-B04,23544.3446000
SPS/2606/00277-B01,21668.1850000
SPS/2605/00255-B05,21351.6429000
SPS/2605/00838-B01,21061.1310000
SPS/2605/00660-B02,20787.4800000
SPS/2604/01398-S01,20018.8032000
SPS/2605/00519-B09,19513.7963000
SPS/2605/00746-B01,19388.8806000
SPS/2604/01056-B03,18253.0008000
SPS/2605/00183-B06,15670.9340000
SPS/2605/00183-B02,15155.8820000
SPS/2604/01220-B14,14534.2838000
SPS/2604/01056-B02,14177.0880000
SPS/2604/01188-B06,14106.0150000
SPS/2605/00979-B01,14025.3930000
SPS/2605/00911-B01,13838.1813000
SPS/2605/00980-B01,13807.5637500
SPS/2605/00016-B11,12972.2190000
SPS/2604/00105-B04,11645.4259200
SPS/2606/00117-S01,11414.1094000
SPS/2603/00599-B01,11225.5502400
SPS/2605/00067-B10,10825.8150000
SPS/2606/00122-B01,10729.2240000
SPS/2605/00198-B01,10592.8000000
SPS/2606/00294-B01,10293.8352000
SPS/2605/01125-B01,10254.5046000
SPS/2603/00596-B01,10239.9440000
SPS/2603/00162-B05,10138.8940000
SPS/2605/01179-B01,10086.4992000
SPS/2605/00876-B01,9942.5535000
SPS/2604/00441-B04,9932.0352000
SPS/2606/00225-B01,9916.8543000
SPS/2605/00252-B06,9422.3415000
SPS/2604/01454-B01,9348.9000000
SPS/2605/01138-B01,9251.6550000
SPS/2606/00196-B01,9151.2740000
SPS/2606/00116-S01,9021.0798000
SPS/2605/00252-B05,8907.9705000
SPS/2606/00005-B01,8881.6800000
SPS/2605/01097-B01,8873.4400000
SPS/2605/01127-S01,8829.4848000
SPS/2605/01098-B01,8792.9350000
SPS/2605/01022-B01,8632.1465400
SPS/2604/01258-B08,8562.8235000
SPS/2606/00276-B01,8520.7500000
SPS/2606/00195-B01,8491.8780000
SPS/2605/00956-B01,8228.5720000
SPS/2604/00105-B27,8152.7040000
SPS/2605/00485-B01,8144.9522000
SPS/2605/00016-B08,7764.3384000
SPS/2605/00255-B02,7759.1535000
SPS/2606/00374-B01,7744.3688000
SPS/2606/00315-B01,7723.2000000
SPS/2606/00383-B01,7692.3960000
SPS/2606/00522-B01,7577.1840000
SPS/2605/00917-S01,7569.1008000
SPS/2605/01159-B01,7380.5160000
SPS/2605/00053-B01,7358.9608000
SPS/2604/01220-B01,7349.1336000
SPS/2606/00248-B01,7339.5630000
SPS/2606/00305-B01,7292.0925000
SPS/2605/00472-L03,7257.6000000
SPS/2606/00025-B01,7039.3708000
SPS/2605/01124-B01,7039.1260800
SPS/2604/01342-S03,6936.6280000
SPS/2605/00016-B07,6860.2716000
SPS/2604/01261-B03,6775.6375000
SPS/2605/00136-B01,6724.7796000
SPS/2606/00114-B01,6715.5424000
SPS/2604/01465-B05,6687.5060000
SPS/2606/00282-B01,6593.4888000
SPS/2605/01182-B02,6578.8150000
SPS/2605/00615-B02,6562.9845000
SPS/2604/01217-B01,6553.1208000
SPS/2606/00264-B01,6382.7664000
SPS/2604/01465-B04,6295.8210000
SPS/2606/00041-B01,6216.6104000
SPS/2605/00255-B06,6203.0241000
SPS/2606/00353-B01,6139.2448000
SPS/2603/00876-B05,6101.2116000
SPS/2605/00519-B10,6047.1098000
SPS/2604/01218-B03,5999.5416000
SPS/2606/00347-B01,5995.3950000
SPS/2604/01465-B01,5994.8420000
SPS/2605/00252-B03,5976.0558000
SPS/2606/00024-B01,5969.8080000
SPS/2605/01172-S01,5953.9651500
SPS/2604/00258-B01,5933.0772000
SPS/2605/00883-TB01,5869.4000000
SPS/2606/00237-B01,5751.4800000
SPS/2605/00957-B03,5739.0000000
SPS/2604/01220-B12,5712.6462000
SPS/2605/00630-B01,5682.6000000
SPS/2604/01261-B01,5639.6370000
SPS/2606/00297-B01,5569.3360000
SPS/2604/00106-B03,5558.6100000
SPS/2604/01093-B01,5529.7074000
SPS/2605/00067-B19,5511.3240000
SPS/2605/00838-B02,5511.3240000
SPS/2605/00838-B06,5511.3240000
SPS/2605/00838-B07,5511.3240000
SPS/2604/01149-B02,5488.7397500
SPS/2605/00559-B01,5473.8500000
SPS/2606/00021-S01,5464.8508000
SPS/2606/00277-B04,5441.3975000
SPS/2604/01188-B11,5405.9775000
SPS/2605/00252-B02,5335.4301000
SPS/2606/00076-B01,5334.1992000
SPS/2606/00026-B01,5325.7392000
SPS/2605/00255-B01,5291.6997000
SPS/2605/00911-B05,5276.2580900
SPS/2605/01183-B01,5270.3910000
SPS/2605/00707-B01,5256.8424000
SPS/2606/00117-S03,5254.3094000
SPS/2605/01177-B01,5170.2360000
SPS/2605/00183-B01,5150.5200000
SPS/2604/01055-B02,5139.1944000
SPS/2606/00061-B01,5123.1360000
SPS/2606/00147-S01,5116.2098400
SPS/2604/01216-B01,5088.1740000
SPS/2605/00016-B06,5063.5338000
SPS/2605/01099-B01,5045.8320000
SPS/2606/00379-S01,5045.5410000
SPS/2605/00875-B01,5045.1750000
SPS/2605/00774-B01,4991.7384000
SPS/2605/00183-B04,4973.5901000
SPS/2605/01110-B01,4931.3430000
SPS/2603/00109-B01,4920.8220000
SPS/2606/00407-B01,4871.0975000
SPS/2605/00830-B01,4848.2200000
SPS/2605/00480-B01,4833.2076000
SPS/2605/00740-B01,4790.5200000
SPS/2606/00151-S01,4765.5930000
SPS/2606/00112-B01,4761.4412000
SPS/2606/00146-S01,4718.8715000
SPS/2606/00006-B01,4704.0602700
SPS/2604/00229-B01,4703.3640000
SPS/2606/00305-B02,4666.5850000
SPS/2605/01123-B01,4659.8000000
SPS/2606/00275-B01,4657.4730000
,4621.5440000
SPS/2605/01138-B03,4620.2430000
SPS/2606/00277-B02,4609.0275000
SPS/2604/01217-B06,4592.4032000
SPS/2606/00154-S01,4578.7070000
SPS/2606/00349-B01,4557.7732000
SPS/2606/00460-B01,4510.4280000
SPS/2605/00016-B01,4478.5494000
SPS/2604/01216-B05,4435.8440000
SPS/2605/00647-B01,4424.3460800
SPS/2604/00093-B06,4367.6378000
SPS/2605/00224-B01,4321.2444000
SPS/2605/01091-B01,4287.1500000
SPS/2606/00485-B01,4279.3800000
SPS/2606/00235-B01,4259.3112000
SPS/2604/00093-B08,4251.9104000
SPS/2606/00096-B02,4245.8754000
SPS/2606/00277-B03,4219.4075000
SPS/2606/00052-B01,4192.0200000
SPS/2605/00362-B03,4173.8400000
SPS/2605/01126-S02,4170.8520000
SPS/2606/00236-B01,4118.7204000
SPS/2605/01136-B01,4098.8232000
SPS/2604/01188-B13,4073.3000000
SPS/2604/01218-B06,4049.3184000
SPS/2606/00097-B03,4005.8944000
SPS/2605/01092-B01,4003.9834000
SPS/2605/00775-B01,4000.4712000
SPS/2605/01086-B01,3973.3650000
SPS/2605/01148-B01,3956.8000000
SPS/2606/00220-B01,3913.1280000
SPS/2606/00097-B02,3892.8248000
SPS/2604/00152-B03,3872.1792000
SPS/2605/00773-B01,3870.6624000
SPS/2606/00009-B01,3864.4200000
SPS/2604/01217-B07,3835.7004000
SPS/2606/00156-S01,3810.3664000
SPS/2605/00684-B02,3735.2000000
SPS/2606/00296-S01,3727.6464000
SPS/2606/00108-S01,3717.9000000
SPS/2605/01163-B01,3699.3411000
SPS/2606/00312-B01,3679.1720000
SPS/2605/00671-B01,3678.1404000
SPS/2606/00373-B01,3676.4948000
SPS/2605/01074-B01,3673.2850000
SPS/2606/00042-B01,3671.8000000
SPS/2606/00121-B01,3658.1000000
SPS/2605/00957-B01,3645.4128000
SPS/2606/00234-B01,3627.9360000
SPS/2606/00099-B01,3611.8029200
SPS/2605/00670-B01,3606.0200000
SPS/2605/01102-B01,3572.6250000
SPS/2606/00016-B01,3569.6232000
SPS/2606/00577-B01,3559.7100000
SPS/2605/00242-B01,3555.8444000
SPS/2605/00966-B01,3552.7800000
SPS/2605/01087-B01,3548.0550000
SPS/2604/01056-B01,3544.2720000
SPS/2605/00765-B01,3474.0000000
SPS/2604/01485-B02,3465.1424000
SPS/2604/01220-B10,3457.0378000
SPS/2604/00727-B02,3443.6850000
SPS/2606/00313-B01,3440.5650000
SPS/2604/00829-B02,3431.7150000
SPS/2606/00201-S01,3429.4414000
SPS/2605/00629-B01,3409.5600000
SPS/2605/00071-B01,3399.6000000
SPS/2604/01038-B01,3390.7020000
SPS/2605/01108-B01,3384.7368200
SPS/2605/00235-B01,3354.7190000
SPS/2605/00852-B01,3347.0760000
SPS/2606/00378-B01,3347.0760000
SPS/2605/00016-B10,3335.1708000
SPS/2605/00831-B01,3322.6704000
SPS/2604/01218-B07,3312.4020000
SPS/2605/01109-B01,3310.8914000
SPS/2606/00294-B03,3304.2900000
SPS/2605/00663-B01,3303.2070000
SPS/2605/00668-B01,3296.9970000
SPS/2606/00313-B02,3249.4225000
SPS/2605/00436-B01,3249.0444000
SPS/2606/00292-B01,3247.8768000
SPS/2605/01119-B01,3216.9000000
SPS/2604/01259-B01,3186.3936000
SPS/2604/01345-B01,3157.7882000
SPS/2606/00060-B01,3153.2704000
SPS/2606/00098-B01,3098.9168000
SPS/2605/01181-B01,3079.0116000
SPS/2603/00986-B01,3077.8164000
SPS/2605/00766-B01,3077.6760000
SPS/2605/00225-B02,3074.2471200
SPS/2605/01182-B01,3072.3400000
SPS/2605/00485-B04,3052.6980000
SPS/2604/00227-B02,3031.0568000
SPS/2605/00970-B01,3003.7140000
SPS/2605/01094-B01,2978.6850000
SPS/2604/00149-B07,2960.4354000
SPS/2605/01145-B01,2959.7925000
SPS/2604/00104-B01,2946.4116500
SPS/2606/00131-B01,2904.7641000
SPS/2605/00860-L02,2903.0400000
SPS/2606/00022-S01,2897.8231000
SPS/2605/00459-B02,2895.1552000
SPS/2605/00930-B01,2867.9360000
SPS/2606/00170-B01,2854.0200000
SPS/2605/00914-B01,2841.3525000
SPS/2606/00168-B01,2821.7932000
SPS/2604/01056-P0301,2820.8880000
SPS/2606/00107-S01,2800.6395000
SPS/2603/00975-B02,2780.3942000
SPS/2606/00345-B01,2767.4100000
SPS/2604/01466-B03,2751.2406000
SPS/2605/01003-B01,2735.0056000
SPS/2602/01014-F02,2730.0000000
SPS/2604/00938-B01,2723.6433400
SPS/2606/00340-S01,2659.0761400
SPS/2605/00133-TB01,2637.7500000
SPS/2605/00954-TB01,2637.7500000
SPS/2605/00954-TB02,2637.7500000
SPS/2606/00288-S01,2634.0684000
SPS/2606/00092-TB01,2613.9500000
SPS/2605/00942-TB01,2613.9500000
SPS/2605/01010-B01,2612.2162000
SPS/2606/00120-S01,2605.9920000
SPS/2605/00811-B03,2585.0880000
SPS/2606/00346-B01,2574.4000000
SPS/2606/00110-B01,2568.4138200
SPS/2606/00059-B01,2567.3760000
SPS/2605/01089-B01,2555.0335000
SPS/2606/00293-B01,2543.5830000
SPS/2604/01261-B02,2543.0265000
SPS/2606/00224-B01,2526.8328000
SPS/2606/00222-S01,2524.2720000
SPS/2604/01219-B01,2522.5434000
SPS/2606/00548-S01,2520.1712000
SPS/2606/00314-S01,2509.4160000
SPS/2605/00878-B01,2507.0400000
SPS/2606/00266-B01,2454.8700000
SPS/2604/00666-B01,2453.2200000
SPS/2605/00869-B01,2448.2844000
SPS/2606/00069-B01,2445.4282000
SPS/2605/00669-B01,2442.0180000
SPS/2604/01262-B01,2427.6965000
SPS/2605/00776-B01,2427.0312000
SPS/2606/00472-S01,2411.3984000
SPS/2605/00603-B02,2407.8712000
SPS/2606/00090-TB01,2404.8340000
SPS/2605/00632-B01,2402.1900000
SPS/2605/00939-B01,2398.4100000
SPS/2606/00486-B01,2397.7800000
SPS/2606/00212-B01,2392.8073000
SPS/2604/01056-P0401,2390.4000000
SPS/2605/01076-B01,2379.1500000
SPS/2605/01007-B01,2371.7448000
SPS/2605/00898-B01,2363.3682000
SPS/2606/00368-B01,2359.7046000
SPS/2605/00811-B02,2356.2000000
SPS/2601/00568-B09,2318.1270000
SPS/2606/00124-B01,2311.5750000
SPS/2606/00364-B01,2311.1120000
SPS/2605/00640-B01,2309.1598000
SPS/2601/00568-B08,2308.8730000
SPS/2606/00459-B01,2298.4926000
SPS/2604/01152-B01,2275.5775000
SPS/2606/00145-S01,2262.4774000
SPS/2605/00291-B02,2259.6840000
SPS/2606/00205-B01,2254.8820000
SPS/2606/00449-S01,2242.7448000
SPS/2603/00597-B01,2234.1696000
SPS/2605/00926-S01,2227.6003200
SPS/2604/01465-B03,2226.4200000
SPS/2605/00151-S02,2215.7772000
SPS/2605/01100-B01,2209.4150000
SPS/2606/00380-S01,2206.9352000
SPS/2605/01049-B01,2191.1164000
SPS/2606/00339-S01,2188.0768000
SPS/2606/00136-S01,2188.0768000
SPS/2605/01055-B01,2187.0835000
SPS/2606/00096-B01,2164.1906000
SPS/2606/00473-S01,2158.2504000
SPS/2605/00764-B01,2144.0672000
SPS/2605/01101-B01,2143.5750000
SPS/2605/00940-B01,2139.4254000
SPS/2605/01069-B01,2137.5970000
SPS/2605/01008-B01,2135.0000000
SPS/2605/01090-B01,2129.9650000
SPS/2606/00285-B01,2122.4250000
SPS/2606/00139-S01,2122.1055000
SPS/2606/00010-B01,2121.5856000
SPS/2606/00462-S01,2101.7741800
SPS/2606/00363-B01,2098.9348000
SPS/2605/01060-B01,2088.8234000
SPS/2606/00023-S01,2085.6978000
SPS/2606/00351-B01,2081.5998500
SPS/2605/00990-B01,2080.6412000
SPS/2605/01173-S01,2074.1261000
SPS/2605/00847-B01,2068.9020000
SPS/2606/00331-B01,2067.9398000
SPS/2605/01057-B01,2063.4232500
SPS/2606/00118-S01,2062.1696000
SPS/2604/00827-B01,2058.1600000
SPS/2606/00426-B01,2053.2704000
SPS/2605/00841-B01,2050.6167000
SPS/2605/00633-B01,2036.1420000
SPS/2606/00097-B01,2019.1000000
SPS/2606/00198-S01,2009.1750000
SPS/2606/00056-B01,2000.3600000
SPS/2605/00411-L01,1996.0305000
SPS/2605/00258-B03,1995.4560000
SPS/2606/00438-B01,1990.2984000
SPS/2605/00934-B01,1973.9184500
SPS/2606/00470-S01,1971.6242400
SPS/2606/00158-S01,1970.9344000
SPS/2606/00113-B01,1969.5436500
SPS/2605/01170-S01,1964.6032000
SPS/2604/01467-B03,1964.1440000
SPS/2605/00892-B01,1962.5760000
SPS/2605/00989-B01,1957.5840000
SPS/2606/00017-B01,1957.1650500
SPS/2606/00047-B01,1942.7796000
SPS/2605/01004-B01,1942.6500000
SPS/2605/00204-B01,1940.9621500
SPS/2604/01216-B07,1930.8968000
SPS/2605/01174-S01,1928.5152000
SPS/2606/00338-S01,1922.9856100
SPS/2606/00081-B01,1918.9134400
SPS/2605/00851-B01,1913.3366000
SPS/2605/00962-B01,1909.7180000
SPS/2606/00286-S01,1905.9698000
SPS/2606/00377-B01,1905.5616000
SPS/2605/00856-B01,1903.0140000
SPS/2605/00790-B02,1901.8620000
SPS/2606/00063-B01,1894.4562000
SPS/2605/01171-S01,1891.5697500
SPS/2606/00204-S01,1879.6704000
SPS/2606/00152-S01,1876.0896000
SPS/2605/01144-B01,1874.1764400
SPS/2606/00126-B01,1864.9440000
SPS/2606/00427-B01,1860.8600000
SPS/2605/01093-B01,1856.0916000
SPS/2605/00987-B01,1855.7319000
SPS/2605/01168-S01,1854.8940500
SPS/2605/00950-B01,1848.4200000
SPS/2605/00647-B02,1835.4798000
SPS/2605/01180-B01,1835.3920000
SPS/2605/01015-B01,1831.6680800
SPS/2606/00366-B01,1829.6796000
SPS/2605/00620-B01,1812.8915000
SPS/2606/00128-S01,1806.7129000
SPS/2605/00656-B01,1806.1860000
SPS/2605/00882-TT01,1804.8000000
SPS/2605/00595-B01,1803.6600000
SPS/2605/00657-B01,1797.2000000
SPS/2605/01051-B02,1795.9512000
SPS/2606/00324-B01,1795.5157500
SPS/2606/00132-B01,1792.4920000
SPS/2606/00133-B01,1792.4920000
SPS/2605/00779-B01,1792.4920000
SPS/2605/00780-B01,1792.4920000
SPS/2605/00781-B01,1792.4920000
SPS/2605/01084-B01,1780.4808000
SPS/2604/00961-B07,1777.0348000
SPS/2604/01117-B01,1776.3820000
SPS/2606/00323-B01,1775.8755000
SPS/2605/01085-B01,1774.5682500
SPS/2606/00354-B01,1774.5557500
SPS/2606/00303-B01,1763.5572000
SPS/2605/00936-B01,1755.5474000
SPS/2606/00150-S01,1751.9650000
SPS/2606/00048-B01,1733.5912000
SPS/2606/00109-B01,1733.5506900
SPS/2605/00868-B01,1723.9926000
SPS/2605/00850-B01,1721.9466000
SPS/2606/00278-B01,1708.2870000
SPS/2606/00142-S01,1708.2165600
SPS/2606/00153-S01,1706.7530000
SPS/2605/01095-B01,1700.2026000
SPS/2604/01454-B02,1699.8000000
SPS/2605/01127-S02,1698.6880000
SPS/2606/00316-B01,1698.4454000
SPS/2604/01460-B01,1698.0480000
SPS/2606/00187-B01,1697.8780000
SPS/2606/00050-B01,1692.4152000
SPS/2605/01113-S01,1689.8512800
SPS/2605/00556-L01,1686.7500000
SPS/2606/00046-B01,1686.5156000
SPS/2606/00287-S01,1684.8006000
SPS/2605/00206-B01,1681.9215000
SPS/2605/00205-B02,1678.8136000
SPS/2605/00915-B01,1677.1564000
SPS/2605/00916-B01,1673.2800000
SPS/2605/01096-B01,1666.6904000
SPS/2605/01005-B01,1664.2806000
SPS/2606/00367-B01,1662.9664000
SPS/2604/00285-B02,1660.9988000
SPS/2605/00938-B01,1656.9250000
SPS/2605/01051-B01,1649.1432000
SPS/2605/00833-S01,1645.7202000
SPS/2605/00999-B01,1642.6800000
SPS/2606/00425-S01,1642.1633000
SPS/2606/00550-B01,1640.1132000
SPS/2606/00111-B01,1639.0846500
SPS/2605/00601-B01,1626.9400000
SPS/2606/00065-B01,1623.8196000
SPS/2605/01024-B01,1619.4024000
SPS/2606/00284-B01,1618.3278000
SPS/2605/00709-B01,1616.4904000
SPS/2605/00757-B01,1616.0550000
SPS/2605/00758-B01,1615.8135000
SPS/2605/01133-S01,1615.0113200
SPS/2605/01169-S01,1611.5814000
SPS/2606/00157-B01,1599.1776000
SPS/2606/00344-S01,1596.2493000
SPS/2605/00972-B01,1586.8292000
SPS/2605/00041-TB01,1586.4000000
SPS/2605/01052-B02,1576.9980000
SPS/2604/00229-B10,1567.7880000
SPS/2606/00202-S01,1567.6762000
SPS/2605/00633-B02,1567.1430000
SPS/2601/00548-B05,1564.0920000
SPS/2606/00399-B01,1562.8800000
SPS/2603/00538-B01,1556.5440000
SPS/2605/01065-B01,1553.3240000
SPS/2604/01216-B02,1539.4988000
SPS/2606/00057-B01,1537.2756000
SPS/2606/00274-B01,1525.1604000
SPS/2606/00223-B01,1524.2370000
SPS/2605/00961-B01,1521.4660000
SPS/2605/00881-B01,1519.9200000
SPS/2604/01316-L01,1518.9330000
SPS/2606/00004-B01,1511.4600000
SPS/2605/01142-B01,1510.2150000
SPS/2605/00603-B01,1501.6656200
SPS/2605/00647-B03,1499.5750000
SPS/2605/00919-B01,1491.6656100
SPS/2606/00054-B01,1491.0120000
SPS/2605/01122-B01,1490.5704000
SPS/2604/00650-B05,1488.9023000
SPS/2606/00144-S01,1468.7821000
SPS/2604/00650-B04,1467.1665000
SPS/2605/00755-B01,1465.9788000
SPS/2604/00212-B02,1461.9852000
SPS/2605/01068-B01,1458.1632000
SPS/2606/00361-B01,1453.5840000
SPS/2605/00935-B01,1451.0980000
SPS/2605/00955-F01,1440.0000000
SPS/2605/00721-B01,1439.6130000
SPS/2606/00193-S01,1438.1892000
SPS/2605/00876-B05,1436.2590000
SPS/2606/00008-B01,1428.5500000
SPS/2605/00284-B01,1412.0952000
SPS/2603/00544-B04,1410.1758000
SPS/2604/01317-B01,1396.8700000
SPS/2605/00463-B01,1396.8700000
SPS/2605/00899-B01,1384.7520000
SPS/2605/00846-B01,1384.0750000
SPS/2606/00105-B01,1382.9660000
SPS/2606/00049-B01,1382.4692000
SPS/2606/00372-B01,1382.4692000
SPS/2606/00053-B01,1380.8640000
SPS/2604/01305-B01,1379.6730600
SPS/2606/00362-B01,1365.9096000
SPS/2605/01114-B01,1363.9710000
SPS/2605/01165-B01,1359.6800000
SPS/2605/00705-L01,1354.5000000
SPS/2603/00755-B01,1344.6571600
SPS/2605/00883-PB0101,1338.4000000
SPS/2606/00365-B01,1336.9336000
SPS/2606/00149-S01,1330.5600000
SPS/2605/01134-S01,1326.5096000
SPS/2605/00448-B01,1323.5560000
SPS/2606/00143-S01,1322.0172000
SPS/2606/00208-TB01,1318.8750000
SPS/2606/00084-B01,1314.0877500
SPS/2605/00886-B01,1313.9436000
SPS/2606/00394-S01,1309.1424000
SPS/2605/00996-B01,1305.1824000
SPS/2606/00045-B01,1301.2140000
SPS/2605/00788-B01,1295.7595600
SPS/2606/00343-S01,1293.3480000
SPS/2605/00887-B01,1279.4600000
SPS/2606/00190-S01,1278.8160000
SPS/2605/00741-B01,1277.4720000
SPS/2605/01077-L01,1275.9890000
SPS/2604/00284-B01,1275.1000000
SPS/2606/00043-B01,1274.8392000
SPS/2605/01079-B01,1273.3490000
SPS/2605/00848-B01,1273.3490000
SPS/2605/00937-B01,1267.6048000
SPS/2604/01216-B08,1267.3840000
SPS/2606/00309-B01,1257.5325000
SPS/2606/00307-B01,1251.7026000
SPS/2605/01067-B01,1251.3848000
SPS/2605/00998-B01,1251.2640000
SPS/2605/00960-B01,1250.5248000
SPS/2606/00213-B01,1250.1854000
SPS/2606/00192-S01,1245.1072000
SPS/2606/00273-B01,1221.5724000
SPS/2605/01025-B01,1215.8482000
SPS/2603/00922-B02,1214.6200000
SPS/2606/00218-B01,1211.8890000
SPS/2603/01074-B01,1204.2574000
SPS/2605/00578-B01,1196.9360000
SPS/2605/00363-B02,1194.9900000
SPS/2605/01088-B01,1191.4207000
SPS/2606/00123-B01,1190.4552000
SPS/2605/01128-S01,1185.6936000
SPS/2606/00141-S01,1185.2602000
SPS/2603/00556-B01,1179.2000000
SPS/2605/00943-B01,1177.0920000
SPS/2605/01139-B01,1177.0920000
SPS/2605/00994-B01,1174.3702000
SPS/2605/00971-B01,1173.2760000
SPS/2606/00384-S01,1171.0394000
SPS/2605/00877-B01,1164.1536000
SPS/2606/00106-B01,1163.9296000
SPS/2605/00983-B01,1163.2320000
SPS/2605/00927-B01,1157.4348000
SPS/2605/01061-B01,1155.2152500
SPS/2606/00148-S01,1152.9060000
SPS/2605/00397-B01,1150.9891400
SPS/2605/01143-B01,1148.8256000
SPS/2605/01064-B01,1147.7720000
SPS/2603/00627-B01,1147.5660000
SPS/2606/00169-B01,1144.3732000
SPS/2604/01007-B01,1141.0600000
SPS/2605/00800-B02,1138.8096000
SPS/2605/00849-L01,1138.0000000
SPS/2604/00065-B01,1133.1540000
SPS/2605/00977-S01,1131.7656000
SPS/2605/01164-B01,1120.5596500
SPS/2605/00573-B01,1118.2800000
SPS/2606/00018-B01,1117.1800500
SPS/2605/00763-B01,1115.7327000
SPS/2605/01045-B01,1101.4452500
SPS/2605/00879-B01,1099.4784000
SPS/2606/00214-B01,1098.0270000
SPS/2605/00867-B01,1093.4175000
SPS/2606/00066-B01,1090.1352000
SPS/2606/00161-B01,1078.6632000
SPS/2605/01052-B01,1077.9480000
SPS/2606/00211-TT01,1067.0350000
SPS/2605/00257-B02,1060.0860000
SPS/2605/01062-B01,1059.7800000
SPS/2605/00593-B01,1059.1191000
SPS/2605/00685-B01,1056.9048300
SPS/2606/00203-L01,1051.9740000
SPS/2604/00066-B01,1047.3090000
SPS/2605/01073-B01,1045.3062000
SPS/2603/00987-B01,1038.9500000
SPS/2605/00931-B01,1037.7400000
SPS/2606/00471-S01,1036.5768000
SPS/2605/00951-B01,1034.1984000
SPS/2605/00457-B01,1031.5935000
SPS/2605/01026-B01,1026.5790000
SPS/2605/00557-B01,1023.6240000
SPS/2605/00922-B01,1020.8744000
SPS/2606/00140-S01,1020.4208000
SPS/2605/00883-PB0201,1012.7000000
SPS/2605/01071-B01,1012.5500000
SPS/2603/00596-P0101,1008.4800000
SPS/2606/00167-B01,994.1380800
SPS/2605/00789-B01,982.8428000
SPS/2605/00288-B01,979.1560800
SPS/2605/01070-B01,977.4432000
SPS/2605/00969-B01,976.6312000
SPS/2605/00959-B01,976.6312000
SPS/2606/00044-B01,976.6312000
SPS/2605/00607-B01,976.6000000
SPS/2605/00524-B01,975.5535000
SPS/2606/00191-S01,971.5680000
SPS/2605/00419-B01,969.3552000
SPS/2606/00408-B01,965.0095000
SPS/2606/00342-S01,964.3200000
SPS/2605/00608-B01,962.1164000
SPS/2605/01053-B01,960.1830000
SPS/2605/00985-B01,959.7420000
SPS/2606/00352-B01,958.9942000
SPS/2605/00554-B01,958.1000000
SPS/2604/00801-B01,955.6344000
SPS/2606/00086-TB01,949.5900000
SPS/2605/00610-B01,949.3000000
SPS/2605/00496-B01,946.4050000
SPS/2601/00548-B03,944.5000000
SPS/2605/00874-B01,941.5440000
SPS/2604/01143-B01,938.2800000
SPS/2606/00549-S01,937.9920000
SPS/2606/00137-S01,937.6137300
SPS/2606/00194-B01,930.2400000
SPS/2606/00083-B01,929.6280000
SPS/2605/00609-B01,924.4696000
SPS/2605/00988-S01,924.4026000
SPS/2605/00404-B01,922.2300000
SPS/2605/01146-L01,921.9000000
SPS/2605/00870-B01,920.8080000
SPS/2605/00941-TT01,917.8500000
SPS/2606/00091-TT01,917.8500000
SPS/2605/00854-B01,917.3696000
SPS/2605/00750-B01,916.4720000
SPS/2605/01149-B01,916.2995000
SPS/2605/01056-B01,903.5562000
SPS/2605/00913-B01,902.7165000
SPS/2605/00133-TT01,902.4000000
SPS/2606/00027-B01,898.1500000
SPS/2605/00954-TT01,897.1500000
SPS/2605/00954-TT02,897.1500000
SPS/2604/00564-B01,890.5470000
SPS/2605/00273-B02,889.6261500
SPS/2605/01002-B01,889.2556000
SPS/2605/00991-B01,883.2180000
SPS/2605/00041-TT01,882.0000000
SPS/2605/00995-B01,881.8800000
SPS/2605/00997-B01,881.8800000
SPS/2606/00595-B01,881.8800000
SPS/2605/00845-B01,876.6696000
SPS/2605/00583-B01,875.7920000
SPS/2606/00035-B01,871.5422000
SPS/2605/01140-B01,863.7420000
SPS/2606/00103-B01,858.6952500
SPS/2603/00543-B01,852.7800000
SPS/2605/01117-B01,852.6000000
SPS/2605/00928-B01,846.0628800
SPS/2606/00104-B01,845.3130000
SPS/2606/00089-TT01,844.4220000
SPS/2605/00269-B02,843.9404000
SPS/2606/00102-B01,837.2624000
SPS/2605/00976-B01,829.8368000
SPS/2605/00088-TB01,824.9280000
SPS/2605/00842-B01,821.8089000
SPS/2605/01000-B01,821.3400000
SPS/2606/00079-B01,821.3400000
SPS/2606/00067-B01,817.6014000
SPS/2606/00062-B01,817.6014000
SPS/2604/01258-B07,815.5070000
SPS/2606/00297-P0101,814.4320000
SPS/2606/00068-B01,811.9098000
SPS/2606/00064-B01,806.6032000
SPS/2605/00274-B02,804.8998500
SPS/2605/01023-B01,800.2104000
SPS/2606/00036-B01,799.1802100
SPS/2603/00382-B02,797.6562000
SPS/2605/00569-B01,797.3976000
SPS/2606/00051-B01,787.6440000
SPS/2604/01140-B01,787.3680000
SPS/2605/00241-B01,785.4816000
SPS/2605/00992-B01,779.5776000
SPS/2605/00872-B01,771.6224000
SPS/2606/00117-S02,769.9750000
SPS/2606/00080-B01,765.2151000
SPS/2604/01462-B01,764.6241000
SPS/2605/00530-B01,751.9248000
SPS/2605/00492-B03,750.4124000
SPS/2605/00871-B01,747.8250000
SPS/2604/01141-B01,747.7520000
SPS/2606/00015-B01,741.4848000
SPS/2605/00968-B01,730.6096000
SPS/2605/00579-B01,727.4930000
SPS/2605/00478-B01,719.7450000
SPS/2606/00262-B01,719.4600000
SPS/2605/01014-B01,701.4900000
SPS/2605/00942-PB0101,696.5000000
SPS/2606/00092-PB0101,696.5000000
SPS/2606/00386-S01,683.0272000
SPS/2605/00272-B02,677.8104000
SPS/2605/00949-B01,677.1440000
SPS/2603/00625-B01,676.3648000
SPS/2603/00624-B01,669.9840000
SPS/2605/00133-P0201,669.2000000
SPS/2605/00954-P0101,669.2000000
SPS/2605/00954-P0301,669.2000000
SPS/2605/00166-L01,668.3760000
SPS/2605/00167-L01,668.3760000
SPS/2606/00387-S01,668.0856000
SPS/2605/00364-B01,662.4720000
SPS/2605/00982-B01,655.9410000
SPS/2606/00188-B01,655.3082000
SPS/2606/00460-P0101,654.8296000
SPS/2605/00638-B01,652.3555500
SPS/2604/01257-S02,650.4764000
SPS/2605/01147-L01,649.4250000
SPS/2605/00896-B01,648.4874000
SPS/2605/00863-B01,641.7180000
SPS/2606/00090-PB0101,640.7800000
SPS/2606/00138-S01,638.0077500
SPS/2605/00551-B01,633.5000000
SPS/2605/00391-B01,632.1046000
SPS/2606/00007-B01,630.9600000
SPS/2605/00895-B01,625.5800000
SPS/2605/00042-TB01,624.8200000
SPS/2605/00864-B01,623.0722500
SPS/2605/01116-B01,622.3980000
SPS/2605/00786-B01,619.1580000
SPS/2605/00725-B01,616.6582400
SPS/2605/00738-B01,615.2678000
SPS/2605/00418-B02,611.9880000
SPS/2605/00110-B01,611.8612500
SPS/2506/00487-B02,610.7936500
SPS/2606/00238-L01,609.9000000
SPS/2605/00920-B01,604.1700000
SPS/2605/00560-L01,597.3500000
SPS/2605/00903-B01,595.7600000
SPS/2605/00781-P0101,594.5160000
SPS/2605/00780-P0101,594.5160000
SPS/2605/00779-P0101,594.5160000
SPS/2606/00133-P0101,594.5160000
SPS/2606/00132-P0101,594.5160000
SPS/2605/00855-B01,592.8780000
SPS/2605/00175-B01,586.9100000
SPS/2605/01072-B01,584.7900000
SPS/2606/00020-B01,584.7300000
SPS/2604/00886-B01,581.4144000
SPS/2605/00643-S01,580.3664000
SPS/2606/00501-S01,579.9496000
SPS/2605/00039-B01,576.7600000
SPS/2604/00729-B02,574.9380000
SPS/2602/00392-B03,573.7830000
SPS/2603/00599-P0201,572.1976800
SPS/2605/00065-B01,569.6802000
SPS/2605/00764-B02,567.5472000
SPS/2605/00209-B01,562.7425000
SPS/2605/00858-F01,559.3000000
SPS/2605/00649-B01,556.2078700
SPS/2605/01115-B01,555.1245000
SPS/2605/01115-B02,555.1245000
SPS/2603/00629-B01,551.1049100
SPS/2605/00270-B02,550.7209500
SPS/2605/00942-PB0201,534.4000000
SPS/2606/00092-PB0201,534.4000000
SPS/2606/00189-B01,533.9279100
SPS/2603/00599-P0101,531.8532000
SPS/2606/00031-B01,530.7250000
SPS/2605/00648-B04,529.0320000
SPS/2606/00119-S01,527.1088000
SPS/2605/00577-L01,523.3300000
SPS/2606/00404-B01,523.1810000
SPS/2605/00953-B01,522.7800000
SPS/2605/00963-B01,519.3610000
SPS/2605/00944-B01,513.2910000
SPS/2605/00271-B02,508.3578000
SPS/2605/00275-B01,508.3578000
SPS/2605/00921-B01,508.2142000
SPS/2605/00954-P0201,506.3500000
SPS/2605/00954-P0401,506.3500000
SPS/2605/00133-P0101,506.3500000
SPS/2606/00267-B01,503.7230000
SPS/2604/01142-B01,501.9798000
SPS/2606/00012-B01,494.3232000
SPS/2606/00013-B01,494.3232000
SPS/2606/00014-B01,494.3232000
SPS/2605/00438-B01,493.1680000
SPS/2606/00090-PB0201,491.6480000
SPS/2605/00240-B01,485.1504000
SPS/2604/01307-B01,476.0684000
SPS/2605/00993-B01,467.5776000
SPS/2605/01175-B01,466.3150000
SPS/2606/00281-B01,463.9132000
SPS/2605/00818-B01,460.8768000
SPS/2605/00587-B01,460.3600000
SPS/2605/00088-TT01,458.6400000
SPS/2606/00028-B01,449.0750000
SPS/2606/00208-TT01,448.5750000
SPS/2605/00388-B01,448.2816000
SPS/2605/00996-B02,440.9400000
SPS/2604/00093-B07,437.1924000
SPS/2605/00527-B01,432.3598000
SPS/2605/00586-L01,423.8973000
SPS/2605/00941-PT0101,418.2500000
SPS/2606/00091-PT0101,418.2500000
SPS/2605/00717-B01,411.0172000
SPS/2604/01124-B02,407.7535000
SPS/2605/00387-B01,405.1776000
SPS/2604/01037-B01,403.6550000
SPS/2604/01055-P0101,402.9840000
SPS/2604/01337-B01,398.5535000
SPS/2605/00446-B01,396.9538000
SPS/2606/00089-PT0101,384.7900000
SPS/2605/00574-B01,377.6674000
SPS/2605/00038-B02,373.5200000
SPS/2606/00032-B01,367.4250000
SPS/2605/00580-B01,359.0808000
SPS/2605/01130-B01,358.3940000
SPS/2605/01118-B01,356.2768000
SPS/2605/00368-B01,354.0850000
SPS/2605/00760-B01,347.1116000
SPS/2606/00505-B01,346.6668000
SPS/2604/01055-P0601,346.6080000
SPS/2605/00257-B01,336.7332000
SPS/2605/00042-TT01,334.6000000
SPS/2606/00208-PB0101,334.6000000
SPS/2605/01089-P0101,332.8334000
SPS/2606/00085-TT01,324.8640000
SPS/2605/00477-B01,322.2780000
SPS/2604/01354-B01,322.0683000
SPS/2605/00604-L01,319.9105000
SPS/2605/00552-B01,319.5060000
SPS/2603/00907-B01,318.8558200
SPS/2606/00116-S03,312.6572000
SPS/2605/00927-P0101,301.8588000
SPS/2605/00352-B01,292.1250000
SPS/2603/00628-B01,286.8915000
SPS/2605/00597-B01,271.1328000
SPS/2604/01331-B01,267.1600000
SPS/2605/00779-P0201,266.4480000
SPS/2605/00780-P0201,266.4480000
SPS/2605/00781-P0201,266.4480000
SPS/2606/00132-P0201,266.4480000
SPS/2606/00133-P0201,266.4480000
SPS/2606/00293-P0101,264.3060000
SPS/2603/00921-B01,263.7992000
SPS/2606/00292-P0101,262.8654000
SPS/2605/01129-B01,258.2320000
SPS/2603/00918-B04,257.7894000
SPS/2511/00798-B02,253.6200000
SPS/2606/00208-PB0201,253.1750000
SPS/2604/01336-B01,251.7180000
SPS/2605/00693-S01,249.9840000
SPS/2606/00011-B01,247.1616000
SPS/2603/00665-B02,242.3400000
SPS/2606/00086-PB0101,240.9120000
SPS/2605/00915-P0101,239.0110000
SPS/2604/01464-B01,235.8400000
SPS/2604/00796-B01,230.9250000
SPS/2605/00771-B01,228.1488000
SPS/2606/00155-S01,226.1952000
SPS/2605/00736-B01,222.1520000
SPS/2605/00106-TB01,222.0960000
SPS/2603/00597-P0501,220.0320000
SPS/2603/00067-B02,214.5009600
SPS/2605/00662-B01,204.0712000
SPS/2604/01486-B01,200.1792000
SPS/2605/00857-F01,198.5300000
SPS/2605/00923-S01,195.7380000
SPS/2606/00057-P0101,189.0192000
SPS/2606/00086-PB0201,182.2860000
SPS/2605/00916-P0101,175.4808000
SPS/2606/00210-B01,174.8824000
SPS/2606/00402-F01,172.7100000
SPS/2605/00268-B01,169.0065000
SPS/2605/00501-B01,167.1936000
SPS/2604/00795-B02,166.7043000
SPS/2605/00927-P0201,159.0384000
SPS/2604/00642-S01,151.1580000
SPS/2603/00064-B01,144.4443000
SPS/2601/00197-B01,141.8140000
SPS/2605/00055-B01,131.2993100
SPS/2605/00555-L01,124.6500000
SPS/2605/00106-TT01,123.4800000
SPS/2604/01120-B01,121.3485000
SPS/2601/00781-B01,115.0032000
SPS/2602/00093-B01,109.9859200
SPS/2605/00590-B01,109.4740000
SPS/2605/00267-TB01,104.5580000
SPS/2606/00341-S01,97.6769000
SPS/2605/00551-P0101,90.3400000
SPS/2605/00935-P0101,83.1600000
SPS/2603/00382-P0101,80.2835000
SPS/2605/00839-B01,78.9500000
SPS/2603/01155-S01,69.9966000
SPS/2605/00818-P0101,66.9936000
SPS/2605/00781-P0301,63.2840000
SPS/2605/00780-P0301,63.2840000
SPS/2605/00779-P0301,63.2840000
SPS/2606/00133-P0301,63.2840000
SPS/2606/00132-P0301,63.2840000
SPS/2606/00508-B01,57.1248000
SPS/2606/00241-L01,51.9000000
SPS/2606/00240-L01,50.8250000
SPS/2605/01066-B01,46.2947400
SPS/2605/00553-L01,43.4280000
SPS/2604/01056-P0201,35.8560000
SPS/2606/00403-F01,35.0800000
SPS/2605/01143-P0101,30.7328000
SPS/2605/00058-B01,26.2673800
SPS/2604/00762-B01,18.3361000
SPS/2603/00067-P0201,10.8302400
SPS/2603/00067-P0101,10.1628000
SPS/2603/00067-P0301,0.0000000
SPS/2603/00596-P0201,0.0000000
SPS/2603/00597-P0601,0.0000000
SPS/2603/00599-P0301,0.0000000
SPS/2605/01143-P0201,0.0000000
SPS/2606/00211-TB01,0.0000000
SPS/2606/00292-P0201,0.0000000
